compiler/aliasDoesNotDuplicateSignatures	MISS	user.ts:4:5	2322	NOTREPORTABLE	Type '() => void' is not assignable to type 'string'.		let x2: string = f;
compiler/arrowExpressionBodyJSDoc	MISS	mytest.js:13:44	2322	NEVER	Type 'string' is not assignable to type 'T'. | 'T' could be instantiated with an arbitrary type which could be unrelated to 'string'.		const foo2 = value => /** @type {string} */(/** @type {T} */({ ...value }));
compiler/arrowExpressionBodyJSDoc	MISS	mytest.js:6:44	2322	NEVER	Type 'string' is not assignable to type 'T'. | 'T' could be instantiated with an arbitrary type which could be unrelated to 'string'.		const foo1 = value => /** @type {string} */({ ...value });
compiler/assignmentCompat1	MISS	assignmentCompat1.ts:10:1	2322	DECLINED	Type 'boolean' is not assignable to type '{ [index: number]: any; }'.		z = false; // Error
compiler/assignmentCompat1	MISS	assignmentCompat1.ts:8:1	2322	DECLINED	Type 'string' is not assignable to type '{ [index: string]: any; }'.		y = "foo"; // Error
compiler/bigintIndex	MISS	a.ts:15:1	2322	NOTREPORTABLE	Type 'bigint' is not assignable to type 'string | number | symbol'.		key = 123n; // should error
compiler/chainedCallsWithTypeParameterConstrainedToOtherTypeParameter2	MISS	chainedCallsWithTypeParameterConstrainedToOtherTypeParameter2.ts:10:35	2322	NEVER	Type 'T' is not assignable to type 'S'. | 'S' could be instantiated with an arbitrary type which could be unrelated to 'T'.		(new Chain(s)).then(ss => t);
compiler/chainedCallsWithTypeParameterConstrainedToOtherTypeParameter2	MISS	chainedCallsWithTypeParameterConstrainedToOtherTypeParameter2.ts:7:49	2322	NEVER	Type 'T' is not assignable to type 'S'. | 'S' could be instantiated with an arbitrary type which could be unrelated to 'T'.		(new Chain(t)).then(tt => s).then(ss => t);
compiler/circularResolvedSignature	MISS	circularResolvedSignature.ts:11:9	2322	NEVER	Type 'string' is not assignable to type 'number'.		value: "string", // this should be a number
compiler/coAndContraVariantInferences5	MISS	coAndContraVariantInferences5.ts:9:9	2322	NEVER	Type '(status: Thing | null) => void' is not assignable to type '(key: string) => void'. | Types of parameters 'status' and 'key' are incompatible. | Type 'string' is not assignable to type 'Thing | null'.		onChange,
compiler/coAndContraVariantInferences6	MISS	coAndContraVariantInferences6.ts:34:42	2322	NEVER	Type '"C"' is not assignable to type '"A" | "B"'.		createElementIsolated(WrapperIsolated, { value: "C" });
compiler/complicatedIndexedAccessKeyofReliesOnKeyofNeverUpperBound	EXTRA	complicatedIndexedAccessKeyofReliesOnKeyofNeverUpperBound.ts:40:7	2322	-		Type 'NewChannel<EmailChannel | TextChannel>' is not assignable to type 'NewChannel<TextChannel>'.	const newTextChannel2 : NewChannel<TextChannel> = makeNewChannel('text');
compiler/complicatedIndexedAccessKeyofReliesOnKeyofNeverUpperBound	MISS	complicatedIndexedAccessKeyofReliesOnKeyofNeverUpperBound.ts:33:5	2322	DECLINED	Type '{ type: T; localChannelId: string; }' is not assignable to type 'NewChannel<ChannelOfType<T, EmailChannel> | ChannelOfType<T, TextChannel>>'. | Type '{ type: T; localChannelId: string; }' is not assignable to type 'Pick<ChannelOfType<T, EmailChannel> | ChannelOfType<T, TextChannel>, "type">'. | Types of property 'type' are incompatible. | Type 'T' is not assignable to type 'ChannelOfType<T, EmailChannel>["type"] & ChannelOfType<T, TextChannel>["type"]'. | Type 'string' is not assignable to type 'ChannelOfType<T, EmailChannel>["type"] & ChannelOfType<T, TextChannel>["type"]'. | Type 'string' is not assignable to type 'ChannelOfType<T, EmailChannel>["type"] & ChannelOfType<T, TextChannel>["type"]'. | Type 'string' is not assignable to type 'ChannelOfType<T, EmailChannel>["type"]'. | Type '"email"' is not assignable to type 'T & "email"'. | Type '"email"' is not assignable to type 'T'. | '"email"' is assignable to the constraint of type 'T', but 'T' could be instantiated with a different subtype of constraint '"email" | "text"'. | Type 'T' is not assignable to type 'ChannelOfType<T, EmailChannel>["type"]'. | Type 'string' is not assignable to type 'ChannelOfType<T, EmailChannel>["type"]'. | Type 'string' is not assignable to type 'ChannelOfType<T, EmailChannel>["type"]'. | Type '"email"' is not assignable to type 'T & "email"'. | Type '"email"' is not assignable to type 'T'. | '"email"' is assignable to the constraint of type 'T', but 'T' could be instantiated with a different subtype of constraint '"email" | "text"'. | Type 'T' is not assignable to type 'T & "email"'. | Type '"email" | "text"' is not assignable to type 'T & "email"'. | Type '"email"' is not assignable to type 'T & "email"'. | Type '"email"' is not assignable to type 'T'. | '"email"' is assignable to the constraint of type 'T', but 'T' could be instantiated with a different subtype of constraint '"email" | "text"'. | Type 'T' is not assignable to type '"email"'. | Type '"email" | "text"' is not assignable to type '"email"'. | Type '"text"' is not assignable to type '"email"'.		return { type, localChannelId };
compiler/conditionalTypeAssignabilityWhenDeferred	MISS	conditionalTypeAssignabilityWhenDeferred.ts:39:3	2322	DECLINED	Type '{ x: T; y: T; }' is not assignable to type 'T extends T ? { x: T; y: T; } : never'.		t2 = t1; // should fail
compiler/conditionalTypeAssignabilityWhenDeferred	MISS	conditionalTypeAssignabilityWhenDeferred.ts:63:9	2322	DECLINED	Type '{ a: number; b: number; }' is not assignable to type '[T] extends [[infer U]] ? U : { b: number; }'.		const o2: [T] extends [[infer U]] ? U : { b: number } = o;
compiler/contextualTypeBasedOnIntersectionWithAnyInTheMix3	EXTRA	contextualTypeBasedOnIntersectionWithAnyInTheMix3.ts:23:7	2322	-		Type '[number]' is not assignable to type '[any] & [1]'.	const a: [any] & [1] = [1];
compiler/contextualTypeBasedOnIntersectionWithAnyInTheMix3	EXTRA	contextualTypeBasedOnIntersectionWithAnyInTheMix3.ts:24:7	2322	-		Type 'number[]' is not assignable to type 'any[] & 1[]'.	const b: any[] & 1[] = [1, 1];
compiler/contextualTypeIterableUnions	EXTRA	contextualTypeIterableUnions.ts:7:7	2322	-		Type '{ b: boolean; }[]' is not assignable to type 'Iterable<{ a: true; }> | Iterable<{ b: false; }>'.	const i2: Iterable<{ a: true }> | Iterable<{ b: false }> = [{ b: false }];
compiler/correctOrderOfPromiseMethod	EXTRA	correctOrderOfPromiseMethod.ts:20:11	2322	-		Type 'A[]' is not assignable to type 'B[]'.	const dataB: B[] = resultB;
compiler/deepComparisons	MISS	deepComparisons.ts:3:9	2322	DECLINED	Type 'T[K1]' is not assignable to type 'Extract<T[K1], string>'. | Type 'T[keyof T]' is not assignable to type 'Extract<T[K1], string>'. | Type 'T[string] | T[number] | T[symbol]' is not assignable to type 'Extract<T[K1], string>'. | Type 'T[string]' is not assignable to type 'Extract<T[K1], string>'.		let v2: Extract<T[K1], string> = 0 as any as T[K1];  // Error
compiler/deepComparisons	MISS	deepComparisons.ts:4:9	2322	DECLINED	Type 'T[K1][K2]' is not assignable to type 'Extract<T[K1][K2], string>'. | Type 'T[K1][keyof T[K1]]' is not assignable to type 'Extract<T[K1][K2], string>'. | Type 'T[K1][string] | T[K1][number] | T[K1][symbol]' is not assignable to type 'Extract<T[K1][K2], string>'. | Type 'T[K1][string]' is not assignable to type 'Extract<T[K1][K2], string>'. | Type 'T[keyof T][string]' is not assignable to type 'Extract<T[K1][K2], string>'. | Type 'T[string][string] | T[number][string] | T[symbol][string]' is not assignable to type 'Extract<T[K1][K2], string>'. | Type 'T[string][string]' is not assignable to type 'Extract<T[K1][K2], string>'.		let v3: Extract<T[K1][K2], string> = 0 as any as T[K1][K2];  // No error
compiler/defaultArgsInFunctionExpressions	MISS	defaultArgsInFunctionExpressions.ts:17:41	2322	NEVER	Type 'string' is not assignable to type 'number'.		var f4: (a: number) => void = function (a = "") { };
compiler/destructuringAssignmentWithDefault2	MISS	destructuringAssignmentWithDefault2.ts:11:4	2322	NEVER	Type 'number | undefined' is not assignable to type 'number'. | Type 'undefined' is not assignable to type 'number'. || Type 'undefined' is not assignable to type 'number'.		({ x = undefined } = a);
compiler/destructuringTypeGuardFlow	EXTRA	destructuringTypeGuardFlow.ts:15:9	2322	-		Type 'number | null' is not assignable to type 'number'.	const wrong: number = bar;
compiler/destructuringTypeGuardFlow	EXTRA	destructuringTypeGuardFlow.ts:18:9	2322	-		Type 'string | null' is not assignable to type 'string'.	const bAgain: string = text;
compiler/destructuringTypeGuardFlow	EXTRA	destructuringTypeGuardFlow.ts:31:9	2322	-		Type 'number | null' is not assignable to type 'number'.	const wrong: number = bar;
compiler/destructuringTypeGuardFlow	EXTRA	destructuringTypeGuardFlow.ts:34:9	2322	-		Type 'string | null' is not assignable to type 'string'.	const bAgain: string = text;
compiler/divergentAccessorsTypes8	EXTRA	divergentAccessorsTypes8.ts:65:1	2322	-		Type 'number' is not assignable to type 'string'.	u1['prop1'] = 42;
compiler/divergentAccessorsTypes8	EXTRA	divergentAccessorsTypes8.ts:68:1	2322	-		Type 'number' is not assignable to type 'string'.	u1['prop2'] = 42;
compiler/divergentAccessorsTypes8	EXTRA	divergentAccessorsTypes8.ts:73:1	2322	-		Type 'boolean' is not assignable to type 'string | number'.	u1['prop3'] = true;
compiler/divergentAccessorsTypes8	EXTRA	divergentAccessorsTypes8.ts:75:1	2322	-		Type 'number' is not assignable to type 'string'.	u1['prop4'] = 42;
compiler/divergentAccessorsTypes8	EXTRA	divergentAccessorsTypes8.ts:77:1	2322	-		Type 'boolean' is not assignable to type 'string'.	u1['prop4'] = true;
compiler/emptyObjectNotSubtypeOfIndexSignatureContainingObject1	MISS	emptyObjectNotSubtypeOfIndexSignatureContainingObject1.ts:41:3	2322	NOTREPORTABLE	Type 'Dictionary<string>' is not assignable to type 'Record<string, Bar | null>'. | 'string' index signatures are incompatible. | Type 'string' is not assignable to type 'Bar'.		return result;
compiler/emptyObjectNotSubtypeOfIndexSignatureContainingObject2	MISS	emptyObjectNotSubtypeOfIndexSignatureContainingObject2.ts:42:3	2322	NOTREPORTABLE	Type 'Dictionary<string>' is not assignable to type 'Record<string, Bar | null>'. | 'string' index signatures are incompatible. | Type 'string' is not assignable to type 'Bar'.		return result;
compiler/enumAssignmentCompat3	MISS	enumAssignmentCompat3.ts:70:1	2322	DECLINED	Type 'Cd.E' is not assignable to type 'First.E'. | Each declaration of 'E.c' differs in its value, where '2' was expected but '0' was given.		abc = secondCd; // missing 'd'
compiler/enumLiteralAssignableToEnumInsideUnion	MISS	enumLiteralAssignableToEnumInsideUnion.ts:24:7	2322	DECLINED	Type 'Foo.A' is not assignable to type 'boolean | Foo'.		const e1: X.Foo | boolean = Z.Foo.A; // not legal, Z is computed
compiler/enumLiteralAssignableToEnumInsideUnion	MISS	enumLiteralAssignableToEnumInsideUnion.ts:28:7	2322	DECLINED	Type 'Foo.A' is not assignable to type 'boolean | Foo'.		const e5: Ka.Foo | boolean = Z.Foo.A; // ok
compiler/errorInfoForRelatedIndexTypesNoConstraintElaboration	MISS	errorInfoForRelatedIndexTypesNoConstraintElaboration.ts:6:15	2322	DECLINED	Type 'IntrinsicElements[T1]' is not assignable to type 'IntrinsicElements[T2]'. | Type 'T1' is not assignable to type 'T2'. | 'T1' is assignable to the constraint of type 'T2', but 'T2' could be instantiated with a different subtype of constraint 'keyof IntrinsicElements'.		const c2: JSX.IntrinsicElements[T2] = c1;
compiler/exactOptionalPropertyTypesIdentical	MISS	exactOptionalPropertyTypesIdentical.ts:2:12	2322	DECLINED	Type '<T>() => T extends { a?: string; } ? 0 : 1' is not assignable to type '<T>() => T extends { a?: string | undefined; } ? 0 : 1'. | Type 'T extends { a?: string; } ? 0 : 1' is not assignable to type 'T extends { a?: string | undefined; } ? 0 : 1'. | Type '0 | 1' is not assignable to type 'T extends { a?: string | undefined; } ? 0 : 1'. | Type '0' is not assignable to type 'T extends { a?: string | undefined; } ? 0 : 1'.		export let b: <T>() => T extends {a?: string | undefined} ? 0 : 1 = a;
compiler/excessiveStackDepthFlatArray	MISS	index.tsx:35:13	2322	NEVER	Type '{ key: string; }' is not assignable to type 'HTMLAttributes<HTMLLIElement>'. | Property 'key' does not exist on type 'HTMLAttributes<HTMLLIElement>'.		<li key={category}>{category}</li> // Error about 'key' only
compiler/exportAssignmentExpressionIsExpressionNode	MISS	/index.ts:7:7	2322	NOTREPORTABLE	Type '{ default: { configs: { 'stage-0': PluginConfig; }; }; configs: { 'stage-0': PluginConfig; }; }' is not assignable to type 'Plugin'. | Types of property 'configs' are incompatible. | Type '{ 'stage-0': PluginConfig; }' is not assignable to type 'Record<string, { parser: string | null; }>'. | Property ''stage-0'' is incompatible with index signature. | Type 'PluginConfig' is not assignable to type '{ parser: string | null; }'. | Types of property 'parser' are incompatible. | Type 'string | null | undefined' is not assignable to type 'string | null'. | Type 'undefined' is not assignable to type 'string | null'.		const p: Plugin = pluginImportX;
compiler/flatArrayNoExcessiveStackDepth	MISS	flatArrayNoExcessiveStackDepth.ts:20:5	2322	DECLINED	Type 'FlatArray<Arr, any>' is not assignable to type 'FlatArray<Arr, D>'. | Type 'Arr' is not assignable to type 'FlatArray<Arr, D>'. | Type 'Arr' is not assignable to type 'Arr & (Arr extends readonly (infer InnerArr)[] ? FlatArray<InnerArr, [-1, 0, 1, 2, 3, 4, 5, 6, 7, 8, 9, 10, 11, 12, 13, 14, 15, 16, 17, 18, 19, 20][D]> : Arr)'. | Type 'Arr' is not assignable to type 'Arr extends readonly (infer InnerArr)[] ? FlatArray<InnerArr, [-1, 0, 1, 2, 3, 4, 5, 6, 7, 8, 9, 10, 11, 12, 13, 14, 15, 16, 17, 18, 19, 20][D]> : Arr'.		y = x;  // Error
compiler/genericFunctionInference1	EXTRA	genericFunctionInference1.ts:25:7	2322	-		Type '(x: T) => { value: unknown; }' is not assignable to type '<T>(x: T) => { value: T[]; }'.	const g03: <T>(x: T) => { value: T[] } = pipe(x => list(x), box);
compiler/genericFunctionInference1	EXTRA	genericFunctionInference1.ts:29:7	2322	-		Type '(x: T) => { value: unknown; }' is not assignable to type '<T>(x: T) => { value: T[]; }'.	const g07: <T>(x: T) => { value: T[] } = pipe(x => list(x), pipe(box));
compiler/genericIndexedAccessVarianceComparisonResultCorrect	EXTRA	genericIndexedAccessVarianceComparisonResultCorrect.ts:26:1	2322	-		Type 'T<B>' is not assignable to type 'T<A>'.	c = d;
compiler/identicalTypesNoDifferByCheckOrder	MISS	identicalTypesNoDifferByCheckOrder.ts:32:30	2322	DECLINED	Type 'FunctionComponent2<SomePropsCloneX>' is not assignable to type 'FunctionComponent2<SomeProps>'. | Types of parameters 'props' and 'props' are incompatible. | Type 'SomeProps & { children?: unknown; }' is not assignable to type 'Required<Pick<SomePropsClone, "x">> & Omit<SomePropsClone, "x"> & { children?: unknown; }'. | Type 'SomeProps & { children?: unknown; }' is not assignable to type 'Required<Pick<SomePropsClone, "x">>'. | Types of property 'x' are incompatible. | Type 'string | undefined' is not assignable to type 'string'. | Type 'undefined' is not assignable to type 'string'.		needsComponentOfSomeProps3({ renderAs: comp3 });
compiler/identicalTypesNoDifferByCheckOrder	MISS	identicalTypesNoDifferByCheckOrder.ts:36:30	2322	DECLINED	Type 'FunctionComponent1<SomePropsX>' is not assignable to type 'FunctionComponent1<SomeProps>'. | Types of parameters 'props' and 'props' are incompatible. | Type 'SomeProps & { children?: unknown; }' is not assignable to type 'Required<Pick<SomeProps, "x">> & Omit<SomeProps, "x"> & { children?: unknown; }'. | Type 'SomeProps & { children?: unknown; }' is not assignable to type 'Required<Pick<SomeProps, "x">>'. | Types of property 'x' are incompatible. | Type 'string | undefined' is not assignable to type 'string'. | Type 'undefined' is not assignable to type 'string'.		needsComponentOfSomeProps2({ renderAs: comp2 });
compiler/indexedAccessRelation	MISS	indexedAccessRelation.ts:16:25	2322	NEVER	Type 'T' is not assignable to type '(S & State<T>)["a"] | undefined'. | Type 'Foo' is not assignable to type 'S["a"] & (T | undefined)'.		this.setState({ a: a });
compiler/inferFromNestedSameShapeTuple	MISS	inferFromNestedSameShapeTuple.ts:42:5	2322	DECLINED	Type 'T1<U>' is not assignable to type 'T2<U>'. | Type at position 0 in source is not compatible with type at position 0 in target. | Type 'number' is not assignable to type '42'.		y = x;  // Error
compiler/inferTypePredicates	EXTRA	inferTypePredicates.ts:252:7	2322	-		Type 'string | number | Date' is not assignable to type 'string'.	let t: string = snd; // should error
compiler/inferTypePredicates	MISS	inferTypePredicates.ts:133:7	2322	DECLINED	Type 'object' is not assignable to type 'Date'. | Type '{}' is missing the following properties from type 'Date': toDateString, toTimeString, toLocaleDateString, toLocaleTimeString, and 38 more.		let t: Date = maybeDate;  // should error
compiler/instanceofNarrowReadonlyArray	EXTRA	instanceofNarrowReadonlyArray.ts:7:17	2322	-		Type 'number | readonly number[]' is not assignable to type 'number'.	return [x];
compiler/intersectionPropertyCheck	MISS	intersectionPropertyCheck.ts:7:3	2322	DECLINED	Type 'T & { a: boolean; }' is not assignable to type '{ a?: string | undefined; }'. | Types of property 'a' are incompatible. | Type 'boolean' is not assignable to type 'string'.		x = y;  // Mismatched property in source intersection
compiler/intersectionsAndOptionalProperties	EXTRA	intersectionsAndOptionalProperties.ts:25:7	2322	-		Type 'number[]' is not assignable to type 'number[] & [number, ...number[]]'.	const yy: number[] & [number, ...number[]] = [1];
compiler/invariantGenericErrorElaboration	MISS	invariantGenericErrorElaboration.ts:3:7	2322	DECLINED	Type 'Num' is not assignable to type 'Runtype<any>'. | The types of 'constraint.constraint' are incompatible between these types. | Type 'Constraint<Constraint<Num>>' is not assignable to type 'Constraint<Constraint<Runtype<any>>>'. | Type 'Constraint<Runtype<any>>' is not assignable to type 'Constraint<Num>'. | Types of property 'underlying' are incompatible. | Property 'tag' is missing in type 'Runtype<any>' but required in type 'Num'.		const wat: Runtype<any> = Num;
compiler/invariantGenericErrorElaboration	MISS	invariantGenericErrorElaboration.ts:4:19	2322	NEVER	Type 'Num' is not assignable to type 'Runtype<any>'. | The types of 'constraint.constraint' are incompatible between these types. | Type 'Constraint<Constraint<Num>>' is not assignable to type 'Constraint<Constraint<Runtype<any>>>'. | Type 'Constraint<Runtype<any>>' is not assignable to type 'Constraint<Num>'. | Types of property 'underlying' are incompatible. | Property 'tag' is missing in type 'Runtype<any>' but required in type 'Num'.		const Foo = Obj({ foo: Num })
compiler/jsdocBracelessTypeTag1	MISS	index.js:20:16	2322	NEVER	Type '"other"' is not assignable to type '"bar" | "foo"'.		const obj2 = { type: "other", prop: 10 };
compiler/jsdocBracelessTypeTag1	MISS	index.js:3:3	2322	NEVER	Type 'number' is not assignable to type 'string'.		return 42;
compiler/jsxCallElaborationCheckNoCrash1	MISS	jsxCallElaborationCheckNoCrash1.tsx:10:29	2322	NEVER	Type '{}' is not assignable to type 'LibraryManagedAttributes<Tag, DetailedHTMLProps<HTMLAttributes<HTMLDivElement>, HTMLDivElement>>'.		const Component = () => <TagElement />;
compiler/jsxFragmentWrongType	MISS	a.tsx:6:28	2322	NEVER	Type '{ children: () => string; }' is not assignable to type '{ children?: ReactNode; }'. | Types of property 'children' are incompatible. | Type '() => string' is not assignable to type 'ReactNode'.		const jsxWithJsxFragment = <>{test}</>;
compiler/jsxFragmentWrongType	MISS	a.tsx:7:47	2322	NEVER	Type '() => string' is not assignable to type 'ReactNode'.		const jsxWithReactFragment = <React.Fragment>{test}</React.Fragment>;
compiler/keyRemappingKeyofResult	MISS	keyRemappingKeyofResult.ts:69:5	2322	NOTREPORTABLE	Type 'string' is not assignable to type 'keyof Remapped'. | Type '"whatever"' is not assignable to type '"str" | unique symbol | DistributiveNonIndex<K>'.		x = "whatever"; // error
compiler/lastPropertyInLiteralWins	EXTRA	lastPropertyInLiteralWins.ts:13:5	2322	-		Type '(num: number) => void' is not assignable to type '(str: string) => void'.	thunk: (num: number) => {},
compiler/lastPropertyInLiteralWins	MISS	lastPropertyInLiteralWins.ts:8:5	2322	DECLINED	Type '(num: number) => void' is not assignable to type '(str: string) => void'. | Types of parameters 'num' and 'str' are incompatible. | Type 'string' is not assignable to type 'number'.		thunk: (str: string) => {},
compiler/lastPropertyInLiteralWins	MISS	lastPropertyInLiteralWins.ts:9:5	2322	NEVER	Type '(num: number) => void' is not assignable to type '(str: string) => void'. | Types of parameters 'num' and 'str' are incompatible. | Type 'string' is not assignable to type 'number'.		thunk: (num: number) => {}
compiler/lateBoundAssignmentCandidateJS3	MISS	index.js:5:9	2322	NEVER	Type 'number' is not assignable to type 'string'.		this[prop] = 12;
compiler/literalWideningWithCompoundLikeAssignments	EXTRA	literalWideningWithCompoundLikeAssignments.ts:11:1	2322	-		Type 'number' is not assignable to type '0'.	t1 = t1 + 42
compiler/literalWideningWithCompoundLikeAssignments	EXTRA	literalWideningWithCompoundLikeAssignments.ts:15:1	2322	-		Type 'number' is not assignable to type '0'.	t2 = t2 - 42
compiler/literalWideningWithCompoundLikeAssignments	EXTRA	literalWideningWithCompoundLikeAssignments.ts:19:1	2322	-		Type 'number' is not assignable to type '0'.	t3 = t3 * 42
compiler/literalWideningWithCompoundLikeAssignments	EXTRA	literalWideningWithCompoundLikeAssignments.ts:23:1	2322	-		Type 'number' is not assignable to type '0'.	t4 = t4 ** 42
compiler/literalWideningWithCompoundLikeAssignments	EXTRA	literalWideningWithCompoundLikeAssignments.ts:27:1	2322	-		Type 'number' is not assignable to type '0'.	t5 = t5 / 42
compiler/literalWideningWithCompoundLikeAssignments	EXTRA	literalWideningWithCompoundLikeAssignments.ts:31:1	2322	-		Type 'number' is not assignable to type '0'.	t6 = t6 % 42
compiler/literalWideningWithCompoundLikeAssignments	EXTRA	literalWideningWithCompoundLikeAssignments.ts:35:1	2322	-		Type 'number' is not assignable to type '0'.	t7 = t7 >> 0
compiler/literalWideningWithCompoundLikeAssignments	EXTRA	literalWideningWithCompoundLikeAssignments.ts:39:1	2322	-		Type 'number' is not assignable to type '0'.	t8 = t8 >>> 0
compiler/literalWideningWithCompoundLikeAssignments	EXTRA	literalWideningWithCompoundLikeAssignments.ts:43:1	2322	-		Type 'number' is not assignable to type '0'.	t9 = t9 << 0
compiler/literalWideningWithCompoundLikeAssignments	EXTRA	literalWideningWithCompoundLikeAssignments.ts:48:1	2322	-		Type 'string' is not assignable to type '"a" | 0'.	t10 = t10 + 'b'
compiler/literalWideningWithCompoundLikeAssignments	EXTRA	literalWideningWithCompoundLikeAssignments.ts:5:1	2322	-		Type 'string' is not assignable to type '""'.	foo = foo + "bar"
compiler/mappedTypeInferenceFromApparentType	MISS	mappedTypeInferenceFromApparentType.ts:10:1	2322	DECLINED	Type 'foo' is not assignable to type 'bar'. | Types of parameters 'target' and 'source' are incompatible. | Type '{ [K in keyof U]: Obj[K]; }' is not assignable to type '{ [K in keyof U]: U[K]; }'. | Type 'Obj[K]' is not assignable to type 'U[K]'. | Type 'Obj' is not assignable to type 'U'. | 'U' could be instantiated with an arbitrary type which could be unrelated to 'Obj'.		b = f;
compiler/mappedTypeUnionConstrainTupleTreatedAsArrayLike	EXTRA	mappedTypeUnionConstrainTupleTreatedAsArrayLike.ts:10:9	2322	-		Type 'HomomorphicMappedType<T>' is not assignable to type 'readonly any[]'.	const arr2: readonly any[] = [] as HomomorphicMappedType<T>
compiler/mappedTypeUnionConstrainTupleTreatedAsArrayLike	EXTRA	mappedTypeUnionConstrainTupleTreatedAsArrayLike.ts:4:9	2322	-		Type 'HomomorphicMappedType<T>' is not assignable to type 'any[]'.	const arr: any[] = [] as HomomorphicMappedType<T>
compiler/mappedTypeUnionConstrainTupleTreatedAsArrayLike	EXTRA	mappedTypeUnionConstrainTupleTreatedAsArrayLike.ts:5:9	2322	-		Type 'HomomorphicMappedType<T>' is not assignable to type 'readonly any[]'.	const arr2: readonly any[] = [] as HomomorphicMappedType<T>
compiler/mergeMultipleInterfacesReexported	EXTRA	test.ts:4:7	2322	-		Type '"p0" | "p1" | "p2"' is not assignable to type 'keyof EventList'.	const t: keyof EventList = p012
compiler/mismatchedExplicitTypeParameterAndArgumentType	MISS	mismatchedExplicitTypeParameterAndArgumentType.ts:10:34	2322	NEVER	Type 'string' is not assignable to type 'number'.		var r7 = map<number, string>([1, ""], (x) => x.toString()); // error
compiler/narrowCommaOperatorNestedWithinLHS	EXTRA	narrowCommaOperatorNestedWithinLHS.ts:10:11	2322	-		Type 'string | number' is not assignable to type 'number'.	const b: number = (otherValue(), value).inner; // string | number , but should be number
compiler/narrowCommaOperatorNestedWithinLHS	EXTRA	narrowCommaOperatorNestedWithinLHS.ts:15:11	2322	-		Type 'string | number' is not assignable to type 'number'.	const b: number = (otherValue(), value).inner; // string | number , but should be number
compiler/nongenericPartialInstantiationsRelatedInBothDirections	EXTRA	nongenericPartialInstantiationsRelatedInBothDirections.ts:11:1	2322	-		Type 'ObjectContaining<{ a: number; foo: number; }>' is not assignable to type 'ObjectContaining<Foo>'.	cfoo = cafoo;
compiler/nongenericPartialInstantiationsRelatedInBothDirections	EXTRA	nongenericPartialInstantiationsRelatedInBothDirections.ts:12:1	2322	-		Type 'ObjectContaining<Foo>' is not assignable to type 'ObjectContaining<{ a: number; foo: number; }>'.	cafoo = cfoo;
compiler/objectFreezeLiteralsDontWiden	MISS	objectFreezeLiteralsDontWiden.ts:7:1	2322	DECLINED	Type '"latest"' is not assignable to type '"1011831"'.		preferredRevision = PUPPETEER_REVISIONS.firefox;
compiler/objectFromEntries	EXTRA	objectFromEntries.ts:8:7	2322	-		Type 'readonly (string | number)[][]' is not assignable to type 'readonly [string, number][]'.	const frozenArray2: readonly [string, number][] = Object.freeze([['a', 1], ['b', 2], ['c', 3]]);
compiler/objectGroupBy	MISS	objectGroupBy.ts:9:49	2322	NEVER	Type 'Employee' is not assignable to type 'PropertyKey'.		const byNonKey = Object.groupBy(employees, x => x);
compiler/promiseChaining1	MISS	promiseChaining1.ts:7:55	2322	NEVER	Type 'string' is not assignable to type 'Function'.		var z = this.then(x => result)/*S*/.then(x => "abc")/*Function*/.then(x => x.length)/*number*/; // Should error on "abc" because it is not a Function
compiler/promiseChaining1	MISS	promiseChaining1.ts:7:84	2322	NEVER	Type 'number' is not assignable to type 'Function'.		var z = this.then(x => result)/*S*/.then(x => "abc")/*Function*/.then(x => x.length)/*number*/; // Should error on "abc" because it is not a Function
compiler/promiseChaining2	MISS	promiseChaining2.ts:7:50	2322	NEVER	Type 'string' is not assignable to type 'Function'.		var z = this.then(x => result).then(x => "abc").then(x => x.length);
compiler/promiseChaining2	MISS	promiseChaining2.ts:7:67	2322	NEVER	Type 'number' is not assignable to type 'Function'.		var z = this.then(x => result).then(x => "abc").then(x => x.length);
compiler/requiredMappedTypeModifierTrumpsVariance	MISS	requiredMappedTypeModifierTrumpsVariance.ts:18:1	2322	DECLINED	Type 'Foo<{ b?: 1 | undefined; x: 1; }>' is not assignable to type 'Foo<{ a?: 1 | undefined; x: 1; }>'. | Types of property 'a' are incompatible. | Property 'a' is missing in type 'Required<{ b?: 1 | undefined; x: 1; }>' but required in type 'Required<{ a?: 1 | undefined; x: 1; }>'.		AA = bb; // Should Error
compiler/requiredMappedTypeModifierTrumpsVariance	MISS	requiredMappedTypeModifierTrumpsVariance.ts:19:1	2322	DECLINED	Type 'Foo<{ a?: 1 | undefined; x: 1; }>' is not assignable to type 'Foo<{ b?: 1 | undefined; x: 1; }>'. | Types of property 'a' are incompatible. | Property 'b' is missing in type 'Required<{ a?: 1 | undefined; x: 1; }>' but required in type 'Required<{ b?: 1 | undefined; x: 1; }>'.		BB = aa; // Should Error
compiler/reverseMappedTypeContextualTypeNotCircular	MISS	reverseMappedTypeContextualTypeNotCircular.ts:10:3	2322	NEVER	Type '(state: any, props: any) => {}' is not assignable to type 'Selector<unknown, {}>'. | Target signature provides too few arguments. Expected 2 or more, but got 1.		editable: (state: any, props: any) => editable(), // expect "Type '(state: any, props: any) => {}' is not assignable to type 'Selector<unknown, {}>'", _not_ a c
compiler/staticAnonymousTypeNotReferencingTypeParameter	EXTRA	staticAnonymousTypeNotReferencingTypeParameter.ts:10:5	2322	-		Type 'T' is not assignable to type 'number'.	let y: number = outer(5).y;
compiler/strictNullNotNullIndexTypeNoLib	EXTRA	strictNullNotNullIndexTypeNoLib.ts:23:9	2322	-		Type 'number | undefined' is not assignable to type 'number'.	return foo;
compiler/strictNullNotNullIndexTypeShouldWork	EXTRA	strictNullNotNullIndexTypeShouldWork.ts:22:9	2322	-		Type 'number | undefined' is not assignable to type 'number'.	return foo;
compiler/targetTypeBaseCalls	MISS	targetTypeBaseCalls.ts:17:61	2322	NOTREPORTABLE	Type 'number' is not assignable to type 'string'.		class Bar extends Foo { constructor() { super(function(s) { s = 5 }) } }  // error, if types are applied correctly
compiler/typeParameterHasSelfAsConstraint	MISS	typeParameterHasSelfAsConstraint.ts:2:5	2322	DECLINED	Type 'T' is not assignable to type 'number'.		return x;
compiler/undefinedAssignableToGenericMappedIntersection	MISS	undefinedAssignableToGenericMappedIntersection.ts:5:5	2322	DECLINED	Type 'undefined' is not assignable to type 'Errors<T>[keyof T]'.		obj[x] = undefined;
compiler/unwitnessedTypeParameterVariance	EXTRA	unwitnessedTypeParameterVariance.ts:11:11	2322	-		Type 'CalcObj<unknown>' is not assignable to type 'CalcObj<O>'.	const x: CalcObj<O> = unk;
compiler/unwitnessedTypeParameterVariance	EXTRA	unwitnessedTypeParameterVariance.ts:23:1	2322	-		Type 'A<number>' is not assignable to type 'A<3>'.	b = a;
compiler/widenedTypes	EXTRA	widenedTypes.ts:12:5	2322	-		Type '3' is not assignable to type 'undefined'.	var x: typeof undefined = 3;
conformance/assignFromBooleanInterface2	EXTRA	assignFromBooleanInterface2.ts:17:1	2322	-		Type 'boolean' is not assignable to type 'NotBoolean'.	b = x;
conformance/assignFromNumberInterface2	EXTRA	assignFromNumberInterface2.ts:22:1	2322	-		Type 'number' is not assignable to type 'NotNumber'.	b = x;
conformance/assignmentCompatWithGenericCallSignatures4	MISS	assignmentCompatWithGenericCallSignatures4.ts:12:1	2322	DECLINED	Type '<T extends I2<T>>(z: T) => void' is not assignable to type '<T extends I2<I2<T>>>(z: T) => void'. | Types of parameters 'z' and 'z' are incompatible. | Type 'T' is not assignable to type 'I2<T>'. | Type 'I2<I2<T>>' is not assignable to type 'I2<T>'. | Type 'I2<T>' is not assignable to type 'T'. | 'T' could be instantiated with an arbitrary type which could be unrelated to 'I2<T>'.		y = x
conformance/callSignatureWithOptionalParameterAndInitializer	MISS	callSignatureWithOptionalParameterAndInitializer.ts:45:32	2322	NEVER	Type 'string' is not assignable to type 'number'.		a: function foo(x: number, y?: number = '') { },
conformance/checkJsdocSatisfiesTag8	MISS	/a.js:6:5	2322	NEVER	Type 'string' is not assignable to type 'boolean'.		s: "false"
conformance/checkJsxChildrenProperty4	EXTRA	file.tsx:34:10	2322	-		Type '{ children: (((user: IUser) => Element) | ((user: IUser) => Element))[]; }' is not assignable to type 'IFetchUserProps'.	<FetchUser>
conformance/checkJsxChildrenProperty4	MISS	file.tsx:38:15	2322	NEVER	Type '(user: IUser) => Element' is not assignable to type 'boolean | any[] | ReactChild'.		{ user => (
conformance/checkJsxChildrenProperty4	MISS	file.tsx:41:15	2322	NEVER	Type '(user: IUser) => Element' is not assignable to type 'boolean | any[] | ReactChild'.		{ user => (
conformance/conditionalTypesExcessProperties	MISS	conditionalTypesExcessProperties.ts:8:5	2322	DECLINED	Type '{ test: string; arg: A; }' is not assignable to type 'Something<A>'. | Type '{ test: string; arg: A; }' is not assignable to type 'A extends object ? { arg: A; } : { arg?: undefined; }'.		sa = { test: 'hi', arg: a }; // not excess (but currently still not assignable)
conformance/conditionalTypesExcessProperties	MISS	conditionalTypesExcessProperties.ts:9:5	2322	DECLINED	Type '{ test: string; arg: A; arr: A; }' is not assignable to type 'Something<A>'. | Type '{ test: string; arg: A; arr: A; }' is not assignable to type 'A extends object ? { arg: A; } : { arg?: undefined; }'.		sa = { test: 'bye', arg: a, arr: a } // excess
conformance/constEnumPropertyAccess1	MISS	constEnumPropertyAccess1.ts:25:9	2322	NEVER	Type 'boolean' is not assignable to type 'number'.		return true;
conformance/contextualTypeWithTuple	EXTRA	contextualTypeWithTuple.ts:30:5	2322	-		Type 'number[]' is not assignable to type 'fixed1'.	let var1: fixed1 = [0, 0]
conformance/controlFlowAssignmentPatternOrder	EXTRA	controlFlowAssignmentPatternOrder.ts:13:11	2322	-		Type '0 | 1 | 9' is not assignable to type '9'.	const bb: 9 = b;
conformance/controlFlowAssignmentPatternOrder	EXTRA	controlFlowAssignmentPatternOrder.ts:19:11	2322	-		Type '0 | 1 | 8 | 9' is not assignable to type '0 | 8'.	const bb: 0 | 8 = b;
conformance/controlFlowAssignmentPatternOrder	EXTRA	controlFlowAssignmentPatternOrder.ts:25:11	2322	-		Type '0 | 1 | 8 | 9' is not assignable to type '0 | 8'.	const bb: 0 | 8 = b;
conformance/controlFlowAssignmentPatternOrder	EXTRA	controlFlowAssignmentPatternOrder.ts:32:11	2322	-		Type '0 | 1 | 9' is not assignable to type '0'.	const bb: 0 = b;
conformance/controlFlowAssignmentPatternOrder	EXTRA	controlFlowAssignmentPatternOrder.ts:38:11	2322	-		Type '0 | 1 | 9' is not assignable to type '9'.	const bb: 9 = b;
conformance/controlFlowAssignmentPatternOrder	EXTRA	controlFlowAssignmentPatternOrder.ts:44:11	2322	-		Type '0 | 1 | 8 | 9' is not assignable to type '0 | 8'.	const bb: 0 | 8 = b;
conformance/controlFlowAssignmentPatternOrder	EXTRA	controlFlowAssignmentPatternOrder.ts:50:11	2322	-		Type '0 | 1 | 8 | 9' is not assignable to type '0 | 8'.	const bb: 0 | 8 = b;
conformance/controlFlowAssignmentPatternOrder	EXTRA	controlFlowAssignmentPatternOrder.ts:57:11	2322	-		Type '0 | 1 | 9' is not assignable to type '0'.	const bb: 0 = b;
conformance/controlFlowAssignmentPatternOrder	EXTRA	controlFlowAssignmentPatternOrder.ts:63:11	2322	-		Type '0 | 1 | 9' is not assignable to type '9'.	const bb: 9 = b;
conformance/controlFlowAssignmentPatternOrder	EXTRA	controlFlowAssignmentPatternOrder.ts:69:11	2322	-		Type '0 | 1 | 8 | 9' is not assignable to type '0 | 8'.	const bb: 0 | 8 = b;
conformance/controlFlowAssignmentPatternOrder	EXTRA	controlFlowAssignmentPatternOrder.ts:75:11	2322	-		Type '0 | 1 | 8 | 9' is not assignable to type '0 | 8'.	const bb: 0 | 8 = b;
conformance/controlFlowAssignmentPatternOrder	EXTRA	controlFlowAssignmentPatternOrder.ts:7:11	2322	-		Type '0 | 1 | 9' is not assignable to type '0'.	const bb: 0 = b;
conformance/controlFlowBindingPatternOrder	EXTRA	controlFlowBindingPatternOrder.ts:15:11	2322	-		Type '0 | 5 | 9' is not assignable to type '0 | 9'.	const bb: 0 | 9 = b;
conformance/es2020IntlAPIs	EXTRA	es2020IntlAPIs.ts:18:50	2322	-		Type 'string' is not assignable to type 'RelativeTimeFormatStyle | undefined'.	const rtf1 = new Intl.RelativeTimeFormat('en', { style: 'narrow' });
conformance/es2020IntlAPIs	EXTRA	es2020IntlAPIs.ts:26:50	2322	-		Type 'string' is not assignable to type 'RelativeTimeFormatNumeric | undefined'.	const rtf2 = new Intl.RelativeTimeFormat('es', { numeric: 'auto' });
conformance/es2020IntlAPIs	EXTRA	es2020IntlAPIs.ts:32:62	2322	-		Type 'string' is not assignable to type 'DisplayNamesType'.	const regionNamesInEnglish = new Intl.DisplayNames(['en'], { type: 'region' });
conformance/es2020IntlAPIs	EXTRA	es2020IntlAPIs.ts:33:78	2322	-		Type 'string' is not assignable to type 'DisplayNamesType'.	const regionNamesInTraditionalChinese = new Intl.DisplayNames(['zh-Hant'], { type: 'region' });
conformance/for-of47	MISS	for-of47.ts:4:13	2322	DECLINED	Type 'boolean' is not assignable to type 'number'.		for ({x, y: y = E.x} of array) {
conformance/for-of48	MISS	for-of48.ts:4:10	2322	NEVER	Type 'boolean' is not assignable to type 'number'.		for ({x, y = E.x} of array) {
conformance/generatorExplicitReturnType	MISS	generatorExplicitReturnType.ts:5:5	2322	NEVER	Type 'number' is not assignable to type 'boolean'.		return 10; // error
conformance/generatorReturnContextualType	MISS	generatorReturnContextualType.ts:29:3	2322	NEVER	Type '{ x: string; }' is not assignable to type '{ x: "x"; }'. | Types of property 'x' are incompatible. | Type 'string' is not assignable to type '"x"'.		return Promise.resolve(ret); // Error
conformance/generatorReturnContextualType	MISS	generatorReturnContextualType.ts:34:3	2322	NEVER	Type '{ x: string; }' is not assignable to type '{ x: "x"; }'. | Types of property 'x' are incompatible. | Type 'string' is not assignable to type '"x"'.		return Promise.resolve(ret); // Error
conformance/generatorTypeCheck31	MISS	generatorTypeCheck31.ts:2:11	2322	NOTREPORTABLE	Type 'Generator<(x: any) => any, void, unknown>' is not assignable to type '() => Iterable<(x: string) => number>'. | Type 'Generator<(x: any) => any, void, unknown>' provides no match for the signature '(): Iterable<(x: string) => number>'.		yield function* () {
conformance/generatorTypeCheck8	MISS	generatorTypeCheck8.ts:2:17	2322	NEVER	Type 'Generator<string, any, any>' is not assignable to type 'BadGenerator'. | The types returned by 'next(...)' are incompatible between these types. | Type 'IteratorResult<string, any>' is not assignable to type 'IteratorResult<number, any>'. | Type 'IteratorYieldResult<string>' is not assignable to type 'IteratorResult<number, any>'. | Type 'IteratorYieldResult<string>' is not assignable to type 'IteratorYieldResult<number>'. | Type 'string' is not assignable to type 'number'.		function* g3(): BadGenerator { }
conformance/genericCallWithGenericSignatureArguments2	MISS	genericCallWithGenericSignatureArguments2.ts:37:43	2322	NEVER	Type 'F' is not assignable to type 'E'.		var r7 = foo3(E.A, (x) => E.A, (x) => F.A); // error
conformance/importAttributes9	MISS	b.ts:7:27	2322	NEVER	Type '{ type: "not-json"; }' is not assignable to type 'ImportAttributes'. | Types of property 'type' are incompatible. | Type '"not-json"' is not assignable to type '"json"'.		import * as ns from "./a" with { type: "not-json" };
conformance/importTag24	MISS	a.js:19:17	2322	NEVER	Type 'number' is not assignable to type 'string'.		function f4() { return 1; }
conformance/intersectionReduction	MISS	intersectionReduction.ts:80:1	2322	NOTREPORTABLE	Type 'any' is not assignable to type 'never'.		x1[k] = 'bar' as any;  // Error
conformance/intersectionReduction	MISS	intersectionReduction.ts:81:1	2322	NOTREPORTABLE	Type 'any' is not assignable to type 'never'.		x2[k] = 'bar' as any;  // Error
conformance/intersectionReductionStrict	MISS	intersectionReductionStrict.ts:69:1	2322	NOTREPORTABLE	Type 'any' is not assignable to type 'never'.		x1[k] = 'bar' as any;  // Error
conformance/intersectionReductionStrict	MISS	intersectionReductionStrict.ts:70:1	2322	NOTREPORTABLE	Type 'any' is not assignable to type 'never'.		x2[k] = 'bar' as any;  // Error
conformance/intraExpressionInferences	MISS	intraExpressionInferences.ts:131:5	2322	NEVER	Type '(inputs: Unwrap<{ num: Wrapper<number>; str: Wrapper<string>; }>) => { bool: any; str: number; }' is not assignable to type '(inputs: Unwrap<{ num: Wrapper<number>; str: Wrapper<string>; }>) => Unwrap<{ bool: Wrapper<boolean>; str: Wrapper<string>; }>'. | Type '{ bool: any; str: number; }' is not assignable to type 'Unwrap<{ bool: Wrapper<boolean>; str: Wrapper<string>; }>'. | Types of property 'str' are incompatible. | Type 'number' is not assignable to type 'string'.		map(inputs) {
conformance/invalidBooleanAssignments	EXTRA	invalidBooleanAssignments.ts:18:5	2322	-		Type 'boolean' is not assignable to type '{ toString(): string; }'.	var h2: { toString(): string } = x; // no error
conformance/iterableArrayPattern5	MISS	iterableArrayPattern5.ts:17:5	2322	NEVER	Type 'Foo' is not assignable to type 'string'.		[a, b] = new FooIterator;
conformance/iterableArrayPattern6	MISS	iterableArrayPattern6.ts:17:8	2322	NEVER	Type 'Foo[]' is not assignable to type 'string[]'. | Type 'Foo' is not assignable to type 'string'.		[a, ...b] = new FooIterator;
conformance/iterableArrayPattern8	MISS	iterableArrayPattern8.ts:17:8	2322	NEVER	Type 'Foo[]' is not assignable to type 'string'.		[a, ...b] = new FooIterator;
conformance/jsdocTemplateTagNameResolution	MISS	file.js:10:7	2322	NEVER	Type 'string' is not assignable to type 'number'.		const y = "a";
conformance/logicalOrOperatorWithTypeParameters	MISS	logicalOrOperatorWithTypeParameters.ts:14:9	2322	NOTREPORTABLE	Type 'V | NonNullable<U>' is not assignable to type '{}'. | Type 'V' is not assignable to type '{}'.		var r6: {} = u || v;
conformance/logicalOrOperatorWithTypeParameters	MISS	logicalOrOperatorWithTypeParameters.ts:5:9	2322	NOTREPORTABLE	Type 'U | NonNullable<T>' is not assignable to type '{}'. | Type 'U' is not assignable to type '{}'.		var r4: {} = t || u;
conformance/mappedTypeAsClauseRelationships	MISS	mappedTypeAsClauseRelationships.ts:12:9	2322	DECLINED	Type 'T' is not assignable to type 'Modify<T>'.		let y: Modify<T> = val; // Error
conformance/mappedTypeAsClauseRelationships	MISS	mappedTypeAsClauseRelationships.ts:22:9	2322	DECLINED	Type 'T' is not assignable to type 'ModifyInclOpt<T>'.		let y: ModifyInclOpt<T> = val; // Ok
conformance/mappedTypeConstraints2	MISS	mappedTypeConstraints2.ts:10:11	2322	NOTREPORTABLE	Type 'Mapped2<K>[`get${K}`]' is not assignable to type '{ a: K; }'. | Type 'Mapped2<K>[`get${string}`]' is not assignable to type '{ a: K; }'.		const x: { a: K } = obj[key];  // Error
conformance/mappedTypeConstraints2	MISS	mappedTypeConstraints2.ts:16:11	2322	NOTREPORTABLE	Type 'Mapped3<K>[Uppercase<K>]' is not assignable to type '{ a: K; }'. | Type 'Mapped3<K>[Uppercase<string>]' is not assignable to type '{ a: K; }'. | Type 'Mapped3<K>[string]' is not assignable to type '{ a: K; }'.		const x: { a: K } = obj[key];  // Error
conformance/mappedTypeConstraints2	MISS	mappedTypeConstraints2.ts:42:7	2322	DECLINED	Type 'Mapped6<K>[keyof Mapped6<K>]' is not assignable to type '`_${string}`'. | Type 'Mapped6<K>[`_${string}`]' is not assignable to type '`_${string}`'.		let s: `_${string}` = obj[key]; // Error
conformance/mappedTypeConstraints2	MISS	mappedTypeConstraints2.ts:59:57	2322	NOTREPORTABLE	Type 'Foo<T>[`get${T}`]' is not assignable to type 'T'. | 'T' could be instantiated with an arbitrary type which could be unrelated to 'Foo<T>[`get${T}`]'.		const get = <T extends string>(t: T, foo: Foo<T>): T => foo[`get${t}`];  // Type 'Foo<T>[`get${T}`]' is not assignable to type 'T'
conformance/mappedTypeConstraints2	MISS	mappedTypeConstraints2.ts:90:9	2322	NOTREPORTABLE	Type 'ObjectWithUnderscoredKeys<K>[`_${K}`]' is not assignable to type 'true'. | Type 'ObjectWithUnderscoredKeys<K>[`_${string}`]' is not assignable to type 'true'.		const shouldBeTrue: true = objectWithUnderscoredKeys[`_${key}`]; // assignability fails here, but ideally should not
conformance/mappedTypeInferenceErrors	MISS	mappedTypeInferenceErrors.ts:16:9	2322	NEVER	Type 'number' is not assignable to type '() => unknown'.		baz: 42
conformance/mappedTypeOverlappingStringEnumKeys	EXTRA	mappedTypeOverlappingStringEnumKeys.ts:30:7	2322	-		Type '{ cat: ({ type: TerrestrialAnimalTypes; address: string; } | { type: AlienAnimalTypes; planet: string; })[]; dog: never[]; }' is not assignable to type 'CatMap'.	const catMap: CatMap = {
conformance/noUncheckedIndexedAccess	MISS	noUncheckedIndexedAccess.ts:39:1	2322	DECLINED	Type 'undefined' is not assignable to type 'boolean'.		strMap.qua = undefined;
conformance/noUncheckedIndexedAccess	MISS	noUncheckedIndexedAccess.ts:85:1	2322	NEVER	Type 'undefined' is not assignable to type 'string'.		symbolMap[s] = undefined; // Should error
conformance/noUncheckedIndexedAccess	MISS	noUncheckedIndexedAccess.ts:98:5	2322	DECLINED	Type 'undefined' is not assignable to type '{ [key: string]: string; a: string; b: string; }[Key]'. | Type 'undefined' is not assignable to type 'string'.		myRecord2[key] = undefined; // Should error
conformance/noUncheckedIndexedAccessDestructuring	MISS	noUncheckedIndexedAccessDestructuring.ts:62:2	2322	NEVER	Type 'string | undefined' is not assignable to type 'string'. | Type 'undefined' is not assignable to type 'string'.		[target_string] = strArray; // Should error
conformance/noUncheckedIndexedAccessDestructuring	MISS	noUncheckedIndexedAccessDestructuring.ts:71:8	2322	NEVER	Type 'number | undefined' is not assignable to type 'number'. | Type 'undefined' is not assignable to type 'number'.		({ q } = numMapPoint); // Should error
conformance/objectRestNegative	MISS	objectRestNegative.ts:6:10	2322	NEVER	Type '{ a: number; }' is not assignable to type '{ a: string; }'. | Types of property 'a' are incompatible. | Type 'number' is not assignable to type 'string'.		({ b, ...notAssignable } = o);
conformance/parseClassDeclarationInStrictModeByDefaultInES6	MISS	parseClassDeclarationInStrictModeByDefaultInES6.ts:6:9	2322	NEVER	Type 'string' is not assignable to type 'IArguments'.		arguments = "hello";
conformance/privateNameDeclarationMerging	EXTRA	privateNameDeclarationMerging.ts:8:22	2322	-		Type 'C' is not assignable to type 'D'.	const d: D = new C();
conformance/privateNamesUnique-5	MISS	privateNamesUnique-5.ts:12:7	2322	DECLINED	Type 'B' is not assignable to type 'A2'. | Property '#foo' in type 'B' refers to a different member that cannot be accessed from within type 'A'.		const b: A2 = new B();
conformance/recursiveTypeReferences1	EXTRA	recursiveTypeReferences1.ts:47:7	2322	-		Type '{ value: { value: { value: number; }; }; }' is not assignable to type 'Box2'.	const b22: Box2 = { value: { value: { value: 42 }}};
conformance/recursiveTypeReferences1	MISS	recursiveTypeReferences1.ts:60:7	2322	NEVER	Type 'number' is not assignable to type 'string | RecArray<string>'.		flat([1, ['a']]);  // Error
conformance/recursiveTypeReferences1	MISS	recursiveTypeReferences1.ts:66:8	2322	NEVER	Type 'number' is not assignable to type 'string | string[]'.		flat1([1, ['a']]);  // Error
conformance/recursiveTypeReferences1	MISS	recursiveTypeReferences1.ts:72:8	2322	NEVER	Type 'number' is not assignable to type 'string | (string | string[])[]'.		flat2([1, ['a']]);  // Error
conformance/recursiveTypeReferences2	MISS	bug39372.js:25:7	2322	NEVER	Type '{}' is not assignable to type 'XMLObject<{ foo: string; }>'. | Type '{}' is missing the following properties from type '{ $A: { foo?: XMLObject<string>[] | undefined; }; $O: { foo?: ({ $$?: Record<string, string> | undefined; } & { $: string; }) | undefined; }; $$?: Record<string, string> | undefined; }': $A, $O		const p = {};
conformance/stringMappingDeferralInConditionalTypes	EXTRA	stringMappingDeferralInConditionalTypes.ts:18:5	2322	-		Type '1' is not assignable to type '0'.	let x5: G<""> = 1; // ok
conformance/stringMappingOverPatternLiterals	MISS	stringMappingOverPatternLiterals.ts:129:5	2322	DECLINED	Type 'Capitalize<string>' is not assignable to type '`A${string}`'. | Type 'string' is not assignable to type '`A${string}`'.		cap_tem = cap_str;
conformance/stringMappingOverPatternLiterals	MISS	stringMappingOverPatternLiterals.ts:130:5	2322	DECLINED	Type 'Capitalize<string>' is not assignable to type '`A${string}`'. | Type 'string' is not assignable to type '`A${string}`'.		cap_tem_map = cap_str;
conformance/stringMappingOverPatternLiterals	MISS	stringMappingOverPatternLiterals.ts:131:5	2322	DECLINED	Type 'Capitalize<string>' is not assignable to type '`A${string}`'. | Type 'string' is not assignable to type '`A${string}`'.		cap_tem_map2 = cap_str;
conformance/stringMappingOverPatternLiterals	MISS	stringMappingOverPatternLiterals.ts:147:5	2322	DECLINED	Type 'Uncapitalize<string>' is not assignable to type '`a${string}`'. | Type 'string' is not assignable to type '`a${string}`'.		uncap_tem = uncap_str;
conformance/stringMappingOverPatternLiterals	MISS	stringMappingOverPatternLiterals.ts:148:5	2322	DECLINED	Type 'Uncapitalize<string>' is not assignable to type '`a${string}`'. | Type 'string' is not assignable to type '`a${string}`'.		uncap_tem_map = uncap_str;
conformance/stringMappingOverPatternLiterals	MISS	stringMappingOverPatternLiterals.ts:149:5	2322	DECLINED	Type 'Uncapitalize<string>' is not assignable to type '`a${string}`'. | Type 'string' is not assignable to type '`a${string}`'.		uncap_tem_map2 = uncap_str;
conformance/symbolProperty46	MISS	symbolProperty46.ts:10:1	2322	NEVER	Type 'number' is not assignable to type 'string'.		(new C)[Symbol.hasInstance] = 0;
conformance/symbolProperty47	MISS	symbolProperty47.ts:11:1	2322	NEVER	Type 'string' is not assignable to type 'number'.		(new C)[Symbol.hasInstance] = "";
conformance/symbolProperty47	MISS	symbolProperty47.ts:3:9	2322	NEVER	Type 'string' is not assignable to type 'number'.		return "";
conformance/symbolType12	EXTRA	symbolType12.ts:11:1	2322	-		Type 'string' is not assignable to type 'symbol'.	s += "";
conformance/symbolType2	MISS	symbolType2.ts:2:7	2322	DECLINED	Type 'typeof Symbol.toPrimitive' is not assignable to type 'object'.		"" in Symbol.toPrimitive;
conformance/templateLiteralTypes5	MISS	templateLiteralTypes5.ts:10:7	2322	DECLINED	Type '<T0 extends "a" | "b">(x: `${T0}`) => TypeMap[T0]' is not assignable to type 'F2'. | Type 'TypeMap[T2]' is not assignable to type 'TypeMap[`${T2}`]'. | Type 'T2' is not assignable to type '`${T2}`'. | Type '"a" | "b"' is not assignable to type '`${T2}`'. | Type '"a"' is not assignable to type '`${T2}`'.		const f2: F2 = f
conformance/thisTypeInFunctions	EXTRA	thisTypeInFunctions.ts:163:1	2322	-		Type '(this: Derived1) => number' is not assignable to type '(this: Derived2) => number'.	d2.polymorphic = d1.polymorphic // ok, 'x' and 'y' in { x, y }
conformance/thisTypeInFunctions	EXTRA	thisTypeInFunctions.ts:164:1	2322	-		Type '(this: Derived2) => number' is not assignable to type '(this: Derived1) => number'.	d1.polymorphic = d2.polymorphic // ok, 'x' and 'y' in { x, y }
conformance/thisTypeInFunctions	EXTRA	thisTypeInFunctions.ts:167:1	2322	-		Type '(this: Base2) => number' is not assignable to type '(this: Derived1) => number'.	d1.polymorphic = b2.polymorphic // ok, 'y' in D: { x, y }
conformance/thisTypeInFunctions	EXTRA	thisTypeInFunctions.ts:168:1	2322	-		Type '(this: Base1) => number' is not assignable to type '(this: Derived2) => number'.	d2.polymorphic = d1.explicit // ok, 'y' in { x, y }
conformance/thisTypeInFunctions	EXTRA	thisTypeInFunctions.ts:169:1	2322	-		Type '(this: Derived2) => number' is not assignable to type '(this: Base1) => number'.	b1.polymorphic = d2.polymorphic // ok, 'x' and 'y' not in Base1: { x }
conformance/thisTypeInFunctions	EXTRA	thisTypeInFunctions.ts:170:1	2322	-		Type '(this: Derived2) => number' is not assignable to type '(this: Base1) => number'.	b1.explicit = d2.polymorphic // ok, 'x' and 'y' not in Base1: { x }
conformance/tsxLibraryManagedAttributes	MISS	tsxLibraryManagedAttributes.tsx:100:56	2322	NEVER	Type '{ bar: string; baz: number; bat: string; }' is not assignable to type 'Defaultize<FooProps & InferredPropTypes<{ foo: PropTypeChecker<string, false>; bar: PropTypeChecker<ReactNode, false>; baz: PropTypeChecker<number, true>; }>, { foo: string; }>'. | Property 'bat' does not exist on type 'Defaultize<FooProps & InferredPropTypes<{ foo: PropTypeChecker<string, false>; bar: PropTypeChecker<ReactNode, false>; baz: PropTypeChecker<number, true>; }>, { foo: string; }>'.		const q = <BothWithSpecifiedGeneric bar="yes" baz={12} bat="ohno" />; // Error, baz not a valid prop
conformance/tsxLibraryManagedAttributes	MISS	tsxLibraryManagedAttributes.tsx:102:57	2322	NEVER	Type 'null' is not assignable to type 'number'.		const s = <BothWithSpecifiedGeneric foo="eh" bar="yeah" baz={null} />; // Error, baz is _not_ nullable/undefinable since it's marked `isRequired`
conformance/tsxLibraryManagedAttributes	MISS	tsxLibraryManagedAttributes.tsx:113:57	2322	NEVER	Type 'null' is not assignable to type 'ReactNode'.		const w = <JustPropTypesWithSpecifiedGeneric foo="cool" bar={null} />; // error, bar is required
conformance/tsxLibraryManagedAttributes	MISS	tsxLibraryManagedAttributes.tsx:122:58	2322	NEVER	Type '{ foo: string; bar: string; }' is not assignable to type 'Defaultize<FooProps, { foo: string; }>'. | Property 'bar' does not exist on type 'Defaultize<FooProps, { foo: string; }>'.		const y = <JustDefaultPropsWithSpecifiedGeneric foo="no" bar="ok" />; // error, no prop named bar
conformance/tsxLibraryManagedAttributes	MISS	tsxLibraryManagedAttributes.tsx:55:12	2322	NEVER	Type '{ foo: number; }' is not assignable to type 'Defaultize<InferredPropTypes<{ foo: PropTypeChecker<number, false>; bar: PropTypeChecker<ReactNode, false>; baz: PropTypeChecker<string, true>; }>, { foo: number; }>'. | Type '{ foo: number; }' is missing the following properties from type '{ bar: ReactNode | null | undefined; baz: string; }': bar, baz		const b = <Component foo={12} />; // Error, missing required prop bar
conformance/tsxLibraryManagedAttributes	MISS	tsxLibraryManagedAttributes.tsx:57:41	2322	NEVER	Type '{ bar: string; baz: string; bat: string; }' is not assignable to type 'Defaultize<InferredPropTypes<{ foo: PropTypeChecker<number, false>; bar: PropTypeChecker<ReactNode, false>; baz: PropTypeChecker<string, true>; }>, { foo: number; }>'. | Property 'bat' does not exist on type 'Defaultize<InferredPropTypes<{ foo: PropTypeChecker<number, false>; bar: PropTypeChecker<ReactNode, false>; baz: PropTypeChecker<string, true>; }>, { foo: number; }>'.		const d = <Component bar="yes" baz="yo" bat="ohno" />; // Error, baz not a valid prop
conformance/tsxLibraryManagedAttributes	MISS	tsxLibraryManagedAttributes.tsx:59:42	2322	NEVER	Type 'null' is not assignable to type 'string'.		const f = <Component foo={12} bar="yeah" baz={null} />; // Error, baz is _not_ nullable/undefinable since it's marked `isRequired`
conformance/tsxLibraryManagedAttributes	MISS	tsxLibraryManagedAttributes.tsx:69:26	2322	NEVER	Type 'string' is not assignable to type 'number'.		const h = <JustPropTypes foo="no" />; // error, wrong type
conformance/tsxLibraryManagedAttributes	MISS	tsxLibraryManagedAttributes.tsx:71:35	2322	NEVER	Type 'null' is not assignable to type 'ReactNode'.		const j = <JustPropTypes foo={12} bar={null} />; // error, bar is required
conformance/tsxLibraryManagedAttributes	MISS	tsxLibraryManagedAttributes.tsx:80:38	2322	NEVER	Type '{ foo: number; bar: string; }' is not assignable to type 'Defaultize<{}, { foo: number; }>'. | Property 'bar' does not exist on type 'Defaultize<{}, { foo: number; }>'.		const l = <JustDefaultProps foo={12} bar="ok" />; // error, no prop named bar
conformance/tsxLibraryManagedAttributes	MISS	tsxLibraryManagedAttributes.tsx:98:12	2322	NEVER	Type '{ foo: string; }' is not assignable to type 'Defaultize<FooProps & InferredPropTypes<{ foo: PropTypeChecker<string, false>; bar: PropTypeChecker<ReactNode, false>; baz: PropTypeChecker<number, true>; }>, { foo: string; }>'. | Type '{ foo: string; }' is missing the following properties from type '{ bar: ReactNode | null | undefined; baz: number; }': bar, baz		const o = <BothWithSpecifiedGeneric foo="no" />; // Error, missing required prop bar
conformance/tsxSpreadAttributesResolution6	MISS	file.tsx:15:10	2322	NEVER	Type '{ editable: true; }' is not assignable to type 'IntrinsicAttributes & (IntrinsicClassAttributes<TextComponent> & (TextProps & { children?: ReactNode | undefined; }))'. | Property 'onEdit' is missing in type '{ editable: true; }' but required in type '{ editable: true; onEdit: (newText: string) => void; }'.		let x = <TextComponent editable={true} />
conformance/types.forAwait.es2018.2	MISS	types.forAwait.es2018.2.ts:10:16	2322	NEVER	Type 'number' is not assignable to type 'string'.		for await (z of asyncIterable) {
conformance/types.forAwait.es2018.2	MISS	types.forAwait.es2018.2.ts:12:16	2322	NEVER	Type 'number' is not assignable to type 'string'.		for await (z of iterable) {
conformance/unionTypeInference	EXTRA	unionTypeInference.ts:62:11	2322	-		Type 'DeepPromised<T>' is not assignable to type 'DeepPromised<{ [name: string]: {} | null | undefined; }>'.	const deepPromisedWithIndexer: DeepPromised<{ [name: string]: {} | null | undefined }> = deepPromised;
conformance/uniqueSymbolsErrors	MISS	uniqueSymbolsErrors.ts:87:7	2322	DECLINED	Type 'typeof shouldNotBeAssignable' is not assignable to type 'string'.		const shouldNotBeAssignable: string = Symbol();
conformance/variadicTuples3	MISS	variadicTuples3.ts:10:3	2322	DECLINED	Type '[any, any]' is not assignable to type '[...T, ...P]'. | Source provides no match for variadic element at position 0 in target.		return x;
conformance/variadicTuples3	MISS	variadicTuples3.ts:15:3	2322	DECLINED	Type '[any, any, any]' is not assignable to type '[...T, ...P]'. | Source provides no match for variadic element at position 0 in target.		return x;
conformance/variadicTuples3	MISS	variadicTuples3.ts:5:3	2322	DECLINED	Type 'any[]' is not assignable to type '[...T, ...P]'. | Source provides no match for variadic element at position 0 in target.		return x;
