aliasDoesNotDuplicateSignatures	a	R-gate-alias	symbols.rs(main)
arrowExpressionBodyJSDoc	b	JS	jsdoc(r5-jsdoc4)
assignFromBooleanInterface2	f	R-apparent	relater.rs(r5-relater6)
assignFromNumberInterface2	f	R-apparent	relater.rs(r5-relater6)
assignmentCompat1	a	R-index-primitive	relater.rs(r5-relater6)
assignmentCompatWithGenericCallSignatures4	a	R-signatures	relater.rs(r5-relater6)
bigintIndex	a	R-gate	assignreport.rs(this lane)
callSignatureWithOptionalParameterAndInitializer	b	P-init	TBD
chainedCallsWithTypeParameterConstrainedToOtherTypeParameter2	c	C	calls.rs/inference.rs(main)
checkJsdocSatisfiesTag8	b	JS	jsdoc(r5-jsdoc4)
checkJsxChildrenProperty4	e	JSX	jsx_component.rs
circularResolvedSignature	c	C	calls.rs/inference.rs(main)
coAndContraVariantInferences5	c	C	calls.rs/inference.rs(main)
coAndContraVariantInferences6	c	C	calls.rs/inference.rs(main)
complicatedIndexedAccessKeyofReliesOnKeyofNeverUpperBound	c	C	calls.rs/inference.rs(main)
conditionalTypeAssignabilityWhenDeferred	a	R-conditional	relater.rs(r5-relater6)
conditionalTypesExcessProperties	a	R-conditional	relater.rs(r5-relater6)
constEnumPropertyAccess1	d	S-latebound-accessor	assignreport.rs(this lane)
contextualTypeBasedOnIntersectionWithAnyInTheMix3	c	X	contextual.rs(main)
contextualTypeIterableUnions	c	X	contextual.rs(main)
contextualTypeWithTuple	c	X	contextual.rs(main)
controlFlowAssignmentPatternOrder	c	F	flow.rs(main)
controlFlowBindingPatternOrder	c	F	flow.rs(main)
correctOrderOfPromiseMethod	c	C	calls.rs/inference.rs(main)
deepComparisons	a	R-conditional	relater.rs(r5-relater6)
defaultArgsInFunctionExpressions	b	P-init	TBD
destructuringAssignmentWithDefault2	b	S-destructuring	reference_target.rs+assignreport.rs(this lane)
destructuringTypeGuardFlow	c	F	flow.rs(main)
divergentAccessorsTypes8	d	S-write-type	assignreport.rs(this lane)
emptyObjectNotSubtypeOfIndexSignatureContainingObject1	a	R-gate-mapped	mapped.rs(r5-mapped4)
emptyObjectNotSubtypeOfIndexSignatureContainingObject2	a	R-gate-mapped	mapped.rs(r5-mapped4)
enumAssignmentCompat3	a	R-enum	relater.rs(r5-relater6)
enumLiteralAssignableToEnumInsideUnion	a	R-enum	relater.rs(r5-relater6)
errorInfoForRelatedIndexTypesNoConstraintElaboration	a	R-indexed	relater.rs(r5-relater6)
es2020IntlAPIs	c	C	calls.rs/inference.rs(main)
exactOptionalPropertyTypesIdentical	a	R-identity	relater.rs(r5-relater6)
excessiveStackDepthFlatArray	b	JSX	jsx_component.rs
exportAssignmentExpressionIsExpressionNode	a	MOD	module_*.rs(r5-modules2)
flatArrayNoExcessiveStackDepth	a	R-conditional	relater.rs(r5-relater6)
for-of47	b	S-destructuring	reference_target.rs+assignreport.rs(this lane)
for-of48	b	S-destructuring	reference_target.rs+assignreport.rs(this lane)
generatorExplicitReturnType	b	S-generator-return	assignreport.rs(this lane)
generatorReturnContextualType	b	S-generator-return	assignreport.rs(this lane)
generatorTypeCheck31	c	C	calls.rs/inference.rs(main)
generatorTypeCheck8	d	MEM-1013	members.rs(main)
genericCallWithGenericSignatureArguments2	c	C	calls.rs/inference.rs(main)
genericFunctionInference1	c	C	calls.rs/inference.rs(main)
genericIndexedAccessVarianceComparisonResultCorrect	f	R-variance	relater.rs(r5-relater6)
identicalTypesNoDifferByCheckOrder	a	R-signatures	relater.rs(r5-relater6)
importAttributes9	b	MOD	import_attributes.rs
importTag24	b	JS	jsdoc(r5-jsdoc4)
indexedAccessRelation	c	C	calls.rs/inference.rs(main)
inferFromNestedSameShapeTuple	a	R-variance	relater.rs(r5-relater6)
inferTypePredicates	c	F	flow.rs(main)
instanceofNarrowReadonlyArray	c	F	flow.rs(main)
intersectionPropertyCheck	a	R-intersection	relater.rs(r5-relater6)
intersectionReduction	a	R-gate-any	assignreport.rs(this lane)
intersectionReductionStrict	a	R-gate-any	assignreport.rs(this lane)
intersectionsAndOptionalProperties	c	X	contextual.rs(main)
intraExpressionInferences	c	C	calls.rs/inference.rs(main)
invalidBooleanAssignments	f	R-apparent	relater.rs(r5-relater6)
invariantGenericErrorElaboration	a	R-variance	relater.rs(r5-relater6)
iterableArrayPattern5	b	S-destructuring	reference_target.rs+assignreport.rs(this lane)
iterableArrayPattern6	b	S-destructuring	reference_target.rs+assignreport.rs(this lane)
iterableArrayPattern8	b	S-destructuring	reference_target.rs+assignreport.rs(this lane)
jsdocBracelessTypeTag1	b	JS	jsdoc(r5-jsdoc4)
jsdocTemplateTagNameResolution	b	JS	jsdoc(r5-jsdoc4)
jsxCallElaborationCheckNoCrash1	b	JSX	jsx_component.rs
jsxFragmentWrongType	b	JSX	jsx_component.rs
keyRemappingKeyofResult	a	R-gate-mapped	mapped.rs(r5-mapped4)
lastPropertyInLiteralWins	e	E-duplicate-member	assignreport.rs(this lane)
lateBoundAssignmentCandidateJS3	b	JS	jsdoc(r5-jsdoc4)
literalWideningWithCompoundLikeAssignments	d	S-compound-like	assignreport.rs(this lane)
logicalOrOperatorWithTypeParameters	a	R-gate	assignreport.rs(this lane)
mappedTypeAsClauseRelationships	a	R-mapped	relater.rs(r5-relater6)
mappedTypeConstraints2	a	R-gate-mapped	mapped.rs(r5-mapped4)
mappedTypeInferenceErrors	c	C	calls.rs/inference.rs(main)
mappedTypeInferenceFromApparentType	a	R-mapped	relater.rs(r5-relater6)
mappedTypeOverlappingStringEnumKeys	f	R-mapped	mapped.rs(r5-mapped4)
mappedTypeUnionConstrainTupleTreatedAsArrayLike	f	R-mapped	relater.rs(r5-relater6)
mergeMultipleInterfacesReexported	d	SYM	symbols.rs(main)
mismatchedExplicitTypeParameterAndArgumentType	c	C	calls.rs/inference.rs(main)
narrowCommaOperatorNestedWithinLHS	c	F	flow.rs(main)
noUncheckedIndexedAccess	d	S-write-type	assignreport.rs(this lane)
noUncheckedIndexedAccessDestructuring	b	S-destructuring	reference_target.rs+assignreport.rs(this lane)
nongenericPartialInstantiationsRelatedInBothDirections	f	R-variance	relater.rs(r5-relater6)
objectFromEntries	c	C	calls.rs/inference.rs(main)
objectFreezeLiteralsDontWiden	c	C	calls.rs/inference.rs(main)
objectGroupBy	c	C	calls.rs/inference.rs(main)
objectRestNegative	b	S-destructuring	reference_target.rs+assignreport.rs(this lane)
parseClassDeclarationInStrictModeByDefaultInES6	d	S-arguments	assignreport.rs(this lane)
privateNameDeclarationMerging	f	R-private	relater.rs(r5-relater6)
privateNamesUnique-5	a	R-private	relater.rs(r5-relater6)
promiseChaining1	c	C	calls.rs/inference.rs(main)
promiseChaining2	c	C	calls.rs/inference.rs(main)
recursiveTypeReferences1	e	C	calls.rs/inference.rs(main)
recursiveTypeReferences2	b	JS	jsdoc(r5-jsdoc4)
requiredMappedTypeModifierTrumpsVariance	a	R-variance	relater.rs(r5-relater6)
reverseMappedTypeContextualTypeNotCircular	c	C	calls.rs/inference.rs(main)
staticAnonymousTypeNotReferencingTypeParameter	d	DECL	declared.rs(r5-declared3)
strictNullNotNullIndexTypeNoLib	c	F	flow.rs(main)
strictNullNotNullIndexTypeShouldWork	c	F	flow.rs(main)
stringMappingDeferralInConditionalTypes	f	R-conditional	relater.rs(r5-relater6)
stringMappingOverPatternLiterals	a	R-string-mapping	relater.rs(r5-relater6)
symbolProperty46	d	S-write-type	assignreport.rs(this lane)
symbolProperty47	d	S-write-type	assignreport.rs(this lane)
symbolType12	f	S-symbol-operand	assignreport.rs(this lane)
symbolType2	a	R-unique-symbol	relater.rs(r5-relater6)
targetTypeBaseCalls	c	C	calls.rs/inference.rs(main)
templateLiteralTypes5	a	R-indexed	relater.rs(r5-relater6)
thisTypeInFunctions	f	R-this	relater.rs(r5-relater6)
tsxLibraryManagedAttributes	b	JSX	jsx_component.rs
tsxSpreadAttributesResolution6	b	JSX	jsx_component.rs
typeParameterHasSelfAsConstraint	a	R-circular-constraint	relater.rs(r5-relater6)
types.forAwait.es2018.2	b	S-for-await	assignreport.rs(this lane)
undefinedAssignableToGenericMappedIntersection	a	R-indexed	relater.rs(r5-relater6)
unionTypeInference	f	R-mapped	relater.rs(r5-relater6)
uniqueSymbolsErrors	a	R-unique-symbol	relater.rs(r5-relater6)
unwitnessedTypeParameterVariance	f	R-variance	relater.rs(r5-relater6)
variadicTuples3	a	R-variadic	relater.rs(r5-relater6)
widenedTypes	d	DECL	declared.rs(r5-declared3)
