location,meaning,queries,steps,max_steps,resolved_hits,unique_queries,repeated_queries,repeated_steps,repeated_hits
crates/tsr-checker/src/array_literals.rs:500:49,111551,9,92,15,9,9,0,0,0
crates/tsr-checker/src/assignreport.rs:277:34,2208703,736,6704,28,736,736,0,0,0
crates/tsr-checker/src/call_arity.rs:252:34,111551,2668,30745,45,2668,2137,531,4656,531
crates/tsr-checker/src/call_arity.rs:442:42,111551,61040,741162,45,61040,21789,39251,476895,39251
crates/tsr-checker/src/calls.rs:2021:18,2998271,85,1031,19,85,85,0,0,0
crates/tsr-checker/src/calls.rs:2111:40,111551,85,1031,19,85,85,0,0,0
crates/tsr-checker/src/check.rs:10024:43,2098688,1237,10000,32,1237,1237,0,0,0
crates/tsr-checker/src/check.rs:1039:40,1160127,122825,1319503,47,122818,122825,0,0,0
crates/tsr-checker/src/check.rs:10756:42,2098688,118,880,18,118,118,0,0,0
crates/tsr-checker/src/check.rs:10921:53,788968,45,225,5,45,44,1,5,1
crates/tsr-checker/src/check.rs:11234:25,111551,825,7431,22,825,825,0,0,0
crates/tsr-checker/src/check.rs:12965:25,32,51,255,5,3,17,34,170,2
crates/tsr-checker/src/check.rs:1592:25,111551,2469,29351,45,2469,2469,0,0,0
crates/tsr-checker/src/check.rs:1927:34,788968,10,50,5,10,10,0,0,0
crates/tsr-checker/src/check.rs:1974:63,111551,21380,261023,45,21380,21380,0,0,0
crates/tsr-checker/src/check.rs:1989:51,1536,16976,230719,48,6438,16976,0,0,0
crates/tsr-checker/src/check.rs:2051:40,788968,16,80,5,16,16,0,0,0
crates/tsr-checker/src/check.rs:3564:48,788968,3,15,5,3,3,0,0,0
crates/tsr-checker/src/check.rs:4279:14,1160127,125398,1348197,47,125381,125398,0,0,0
crates/tsr-checker/src/check.rs:4356:29,788968,22,110,5,22,22,0,0,0
crates/tsr-checker/src/check.rs:4817:25,788968,10848,84926,47,10848,10848,0,0,0
crates/tsr-checker/src/check.rs:4988:14,111551,8,74,16,8,8,0,0,0
crates/tsr-checker/src/check.rs:5450:25,111551,2466,29307,45,2466,2466,0,0,0
crates/tsr-checker/src/check.rs:5927:14,1160127,349982,3861510,52,213953,349982,0,0,0
crates/tsr-checker/src/check.rs:6145:29,2099072,53618,823338,52,14823,45241,8377,143781,3242
crates/tsr-checker/src/check.rs:6475:25,1160127,215806,2330668,47,215800,121252,94554,1024267,94554
crates/tsr-checker/src/check.rs:6600:14,111551,185,1608,20,185,111,74,617,74
crates/tsr-checker/src/check.rs:8477:25,32,17,85,5,1,17,0,0,0
crates/tsr-checker/src/check.rs:9016:39,3,6998,28046,6,6998,6998,0,0,0
crates/tsr-checker/src/checker.rs:1746:22,788968,20,77,7,18,14,6,19,5
crates/tsr-checker/src/checker.rs:2381:45,900095,235,2214,41,203,135,100,896,89
crates/tsr-checker/src/checker.rs:2734:27,788968,644,5604,41,251,285,359,2851,84
crates/tsr-checker/src/checker.rs:3419:37,900095,295,2927,31,295,197,98,891,98
crates/tsr-checker/src/computed_name.rs:194:40,111551,30,373,20,30,30,0,0,0
crates/tsr-checker/src/computed_name.rs:234:40,111551,30,373,20,30,30,0,0,0
crates/tsr-checker/src/declared.rs:1080:53,788968,26050,297631,30,26050,289,25761,295075,25761
crates/tsr-checker/src/declared.rs:1165:40,788968,215,1894,16,215,48,167,1525,167
crates/tsr-checker/src/declared.rs:1319:51,1920,8359,127956,44,8339,5142,3217,26422,3211
crates/tsr-checker/src/declared.rs:1338:25,788968,820609,5194227,47,820566,27668,792941,5009966,792913
crates/tsr-checker/src/declared.rs:4543:72,1920,11333,149096,44,11249,5140,6193,47592,6117
crates/tsr-checker/src/declared.rs:4543:72,788968,420125,2398994,25,419915,7100,413025,2356990,412824
crates/tsr-checker/src/declared.rs:4659:29,1920,358,2516,12,356,115,243,1690,242
crates/tsr-checker/src/declared.rs:4659:29,788968,384,2993,14,57,121,263,2082,37
crates/tsr-checker/src/declared.rs:6015:37,788968,80,343,6,80,17,63,268,63
crates/tsr-checker/src/declared.rs:6056:34,788968,989,4365,6,989,67,922,4076,922
crates/tsr-checker/src/declared.rs:6177:42,788968,2,12,6,2,1,1,6,1
crates/tsr-checker/src/declared.rs:6642:21,262144,5718,23176,9,5712,62,5656,22893,5655
crates/tsr-checker/src/declared.rs:682:53,788968,25,202,11,25,4,21,169,21
crates/tsr-checker/src/declared.rs:995:53,788968,3,38,18,3,3,0,0,0
crates/tsr-checker/src/enum_member_name.rs:214:25,788968,2,6,3,2,2,0,0,0
crates/tsr-checker/src/expressions.rs:1173:37,1920,206,2115,30,0,206,0,0,0
crates/tsr-checker/src/expressions.rs:367:63,111551,666,6056,22,666,493,173,1423,173
crates/tsr-checker/src/expressions.rs:629:44,111551,99786,1084048,45,99779,96861,2925,26014,2925
crates/tsr-checker/src/expressions.rs:803:52,2998271,7,49,8,0,7,0,0,0
crates/tsr-checker/src/flow.rs:1156:36,111551,158,1743,22,158,158,0,0,0
crates/tsr-checker/src/flow.rs:1457:44,111551,5,25,5,5,5,0,0,0
crates/tsr-checker/src/flow.rs:1485:40,111551,262,1626,10,262,68,194,1179,194
crates/tsr-checker/src/flow.rs:1513:48,111551,43742,638957,45,43742,17661,26081,401334,26081
crates/tsr-checker/src/flow.rs:1833:51,111551,818,7239,28,818,792,26,246,26
crates/tsr-checker/src/flow.rs:2662:42,111551,65640,565871,44,65640,4622,61018,518499,61018
crates/tsr-checker/src/flow.rs:3672:72,111551,2981,25053,22,2981,186,2795,23509,2795
crates/tsr-checker/src/flow.rs:3776:22,111551,192065,1423001,36,192063,12372,179693,1323325,179692
crates/tsr-checker/src/flow.rs:3826:22,111551,33300,412350,43,33300,6272,27028,339902,27028
crates/tsr-checker/src/flow.rs:3989:57,111551,1815,14820,21,1815,135,1680,13717,1680
crates/tsr-checker/src/flow.rs:4028:50,111551,48183,571260,43,48183,8866,39317,476098,39317
crates/tsr-checker/src/flow.rs:4044:22,111551,7168,59118,33,7168,2101,5067,42141,5067
crates/tsr-checker/src/flow.rs:4829:55,111551,26787,188637,36,26787,3599,23188,161304,23188
crates/tsr-checker/src/flow.rs:5959:34,111551,91,599,13,91,18,73,460,73
crates/tsr-checker/src/flow.rs:6029:34,111551,10867,86808,30,10867,1924,8943,71498,8943
crates/tsr-checker/src/flow.rs:7479:42,111551,202,1864,30,202,67,135,1174,135
crates/tsr-checker/src/heritage_conformance.rs:110:46,788968,29,145,5,29,29,0,0,0
crates/tsr-checker/src/heritage_conformance.rs:243:40,788968,16,80,5,16,16,0,0,0
crates/tsr-checker/src/index_signatures.rs:525:52,112575,7,55,13,7,2,5,35,5
crates/tsr-checker/src/indexed.rs:923:40,111551,394,2932,21,394,237,157,1079,157
crates/tsr-checker/src/inference.rs:5538:26,788968,1,1,1,1,1,0,0,0
crates/tsr-checker/src/jsx_intrinsic.rs:212:37,2098688,8941,113503,39,8941,8941,0,0,0
crates/tsr-checker/src/jsx_intrinsic.rs:356:14,1920,8941,26823,3,8941,1,8940,26820,8940
crates/tsr-checker/src/meaning_mismatch.rs:243:44,2998271,336,1680,5,336,336,0,0,0
crates/tsr-checker/src/members.rs:2823:66,2099072,2451,15509,8,2425,15,2436,15409,2411
crates/tsr-checker/src/members.rs:2823:66,2886120,496048,2658658,11,496028,1487,494561,2651118,494542
crates/tsr-checker/src/nonexistent_property.rs:277:48,111551,48847,555918,45,48847,48847,0,0,0
crates/tsr-checker/src/objects.rs:1579:34,111551,367,3649,42,367,353,14,134,14
crates/tsr-checker/src/operator_operands.rs:427:40,111551,1210,14254,45,608,1210,0,0,0
crates/tsr-checker/src/operator_operands.rs:577:18,111551,110,761,22,110,110,0,0,0
crates/tsr-checker/src/private_static_access.rs:54:34,900095,50054,568019,45,50052,50054,0,0,0
crates/tsr-checker/src/readonly_target.rs:175:25,111551,1973,17015,28,1973,985,988,8522,988
crates/tsr-checker/src/readonly_target.rs:588:40,2208703,682,7117,38,681,682,0,0,0
crates/tsr-checker/src/rest_parameter_type.rs:82:25,788968,5,42,20,5,5,0,0,0
crates/tsr-checker/src/signatures.rs:3328:36,111551,746,5644,14,746,739,7,78,7
crates/tsr-checker/src/signatures.rs:4520:47,788968,39180,222286,25,39153,4327,34853,196540,34833
crates/tsr-checker/src/spread_overrides.rs:165:25,111551,797,7197,27,797,797,0,0,0
crates/tsr-checker/src/spread_overrides.rs:181:45,788968,93,596,17,93,83,10,69,10
crates/tsr-checker/src/spread_overrides.rs:84:25,111551,797,7197,27,797,797,0,0,0
crates/tsr-checker/src/symbols.rs:1033:38,1920,222,908,9,222,4,218,887,218
crates/tsr-checker/src/symbols.rs:1176:33,901119,121042,480664,5,121042,94,120948,480370,120948
crates/tsr-checker/src/symbols.rs:1254:21,901119,165443,1002191,8,165443,1365,164078,995325,164078
crates/tsr-checker/src/truthiness.rs:115:40,111551,747,3959,22,747,747,0,0,0
crates/tsr-checker/src/type_argument_arity.rs:134:40,111551,825,7431,22,825,825,0,0,0
crates/tsr-checker/src/type_argument_arity.rs:224:57,788968,10684,83230,47,10684,10684,0,0,0
crates/tsr-checker/src/type_argument_arity.rs:343:37,789992,1119,9120,32,1119,1119,0,0,0
